White Depth,Black Depth,White Wins,Black Wins,Ties,Avg White Time,Avg Black Time
1,3,3,0,0,0.006633215480380587,0.05270087718963623
3,5,0,0,3,0.0420543291629889,0.04581081561553172
5,1,0,0,3,0.045059508747524686,0.0056494176387786865
