White Depth,Black Depth,White Wins,Black Wins,Ties,Avg White Time,Avg Black Time
1,3,3,0,0,0.006815572579701741,0.05760737260182699
3,5,0,0,3,0.04428632442767803,0.048436244328816734
5,1,0,0,3,0.05219563179545932,0.0061618950631883405
