Depth,Minimax Wins,MCTS Wins,Ties,Avg White Time,Avg Black Time
1,6,0,4,0.004773796283428018,3.045582744691599
2,4,0,6,0.03743938060792505,3.0211780217564734
3,0,0,10,0.031274079022646714,3.203199753413699
